Inside The $5 Billion Apple Headquarters,Tech Vision,2 weeks,5 minutes 55 seconds,3769817
Chicken Hugs Boy After Recognizing Him with New Haircut | The Dodo,The Dodo,3 years,31 seconds,3963933
Deep Focus Music For Studying - Concentration Music for Working and Reading,Quiet Quest - Study Music,1 month,3 hours 12 minutes,313369
Minecraft Speedrunner VS 3 Hunters GRAND FINALE,Dream,1 month,41 minutes,35364144
Jack Black Performs His Legendary Sax-A-Boom with The Roots,The Tonight Show Starring Jimmy Fallon,2 years,2 minutes 22 seconds,59642211
Amy Coney Barrett's former student credits judge for success,CBS News,58 minutes,10 minutes 37 seconds,8048
Amy Coney Barrett: I pledge to be mindful of Ruth Bader Ginsburg's legacy,Fox News,1 hour,7 minutes 30 seconds,77920
Trump Nominates Amy Coney Barrett to Supreme Court,Bloomberg Politics,1 hour,1 minute 16 seconds,18909
Trump rally crowd watches Amy Coney Barrett announcement in Pennsylvania,The Hill,1 hour,2 minutes 4 seconds,10591
How Amy Coney Barrett could change the Supreme Court,CBS News,50 minutes,14 minutes 3 seconds,1970
Amy Coney Barrett: I Will Be Mindful of Who Came Before Me,Bloomberg QuickTake: Now,29 minutes,1 minute 36 seconds,920
Trump names Barrett as his Supreme Court pick,Reuters,54 minutes,2 minutes 25 seconds,1323
Trump picks Amy Coney Barrett for the Supreme Court,Los Angeles Times,53 minutes,10 minutes 49 seconds,1239
What baby Crocodiles really sound like,CS Ghost Animation,1 year,21 seconds,8264440
Real MINIATURE Food and Tiny Cooking You Can Eat,SSSniperWolf,5 months,11 minutes 3 seconds,7991850
Funny Spongebob Scenes #1,maltesephillies15,8 years,14 minutes 16 seconds,2845574
Billie Eilish - Ocean Eyes (Dance Performance Video),Billie Eilish,3 years,3 minutes 21 seconds,62414579
BTS (방탄소년단) 'Dynamite' Official MV (Choreography ver.),Big Hit Labels,22 hours,3 minutes 26 seconds,7772990
The Ultimate iOS 14 Homescreen Setup Guide!,Marques Brownlee,1 day,9 minutes 18 seconds,3360356
Bryson Tiller - Right My Wrongs (Official Video),Bryson Tiller,1 day,5 minutes 16 seconds,863929
dog update,julien solomita,1 day,13 minutes 27 seconds,888990
Melanie Martinez - Notebook [Official Audio],melanie martinez,1 day,2 minutes 32 seconds,1087917
Roman Reigns delivers Superman Punch to Jey Uso before title showdown: SmackDown Sept. 25 2020,WWE,20 hours,4 minutes 48 seconds,1864755
LG Wing Teardown! - HOW DOES IT WORK?!,JerryRigEverything,2 days,9 minutes 38 seconds,2840998
HAZBIN HOTEL + HELLUVA BOSS HALLOWEEN SPOOKY SALE (+ SPECIAL UPDATE!),Vivziepop,1 day,1 minute 52 seconds,547980
Joji - Your Man (Official Video),88rising,1 day,3 minutes 21 seconds,1196489
ZAYN - Better (Official Video),zayn,1 day,2 minutes 55 seconds,6633202
Casually Explained: Dangerous Australian Wildlife Tier List,Casually Explained,1 day,9 minutes 29 seconds,550747
No Bake Honey Cheesecake,Nino's Home,1 week,10 minutes 3 seconds,3088328
bear sits next to guy,jprocdaddy,6 years,1 minute 26 seconds,57721828
One of the Best Dodgeball Dodges Ever!!!,Timmy Le,2 years,20 seconds,9257192
THE CROODS 2 Trailer (2020) A NEW AGE Animation Movie,Movie Coverage,5 days,3 minutes 39 seconds,5706576
Returning soldier surprises daughter during interview,BethelSchools,4 years,59 seconds,7779788
Monster Magnets Vs Sonic The Hedgehog | DIY How To Make Sonic With Magnetic Balls,Magnetic Satisfying,3 months,4 minutes 36 seconds,7272441
I Won Every Prize At A Theme Park,MrBeast,1 year,13 minutes 22 seconds,51781919
3 Hours of Ambient Study Music To Concentrate - Deep Focus Music for Studying and Work,Quiet Quest - Study Music,1 month,3 hours 30 minutes,197351
6LACK Live From The Ledge,6LACK Streamed,4 weeks,39 minutes,897226
Beyoncé Blue Ivy SAINt JHN WizKid - BROWN SKIN GIRL (Official Video),Beyoncé,1 month,6 minutes 12 seconds,15938663
6LACK ft. Lil Baby - Know My Rights (Official Visualizer),6LACK,1 month,3 minutes 13 seconds,1265577
Pharrell Williams - Entrepreneur (Official Video) ft. JAY-Z,Pharrell Williams,1 month,5 minutes 30 seconds,8645984
DaBaby - ROCKSTAR ft. Roddy Ricch (BLM Remix) ft. Roddy Ricch,DaBaby,3 months,3 minutes 26 seconds,10433062
Dax - BLACK LIVES MATTER (Official Music Video),Dax,3 months,3 minutes 20 seconds,4001297
Lil Baby - The Bigger Picture (Official Music Video),Lil Baby Official 4PF,3 months,4 minutes 17 seconds,80574210
Usher - I Cry (Official Video),Usher,2 months,3 minutes 47 seconds,9463029
